sample_id,component_1,component_2
sample_0,0.020794536733689903,0.001683815086586647
sample_1,-0.004529651826731714,-0.004386229481667624
sample_2,0.017289259486099138,0.0007008517025555674
sample_3,0.02038633094722312,0.001568784773754111
sample_4,-0.002797043662558603,-0.004876720319177019
sample_5,0.020724532423622506,0.0016640144893829134
sample_6,-0.006024881781341844,0.018501601986039316
sample_7,0.020813830521008447,0.0016892695642158541
sample_8,-0.0034661304904629615,-0.004361480627418098
sample_9,0.020686014558901903,0.0016530406277289141
sample_10,-0.0028365102661944835,-0.004932546581333618
sample_11,-0.006082850949553049,0.019122989397620176
sample_12,0.020812801469390362,0.0016889836212141038
sample_13,-0.002683737878202617,-0.004910191217806285
sample_14,-0.002663625984111673,-0.004912083648200208
sample_15,-0.002803709488445439,-0.004920567068926373
sample_16,-0.004573761371440543,-0.0044207939795455654
sample_17,-0.006066056851694898,0.01893796316212113
sample_18,-0.006043862204621677,0.018701996194491206
sample_19,0.0206655199411841,0.0016473067105989522
sample_20,-0.002712519783987647,-0.004870983686457718
sample_21,-0.0059082871819685105,0.01727330570442349
sample_22,-0.004557054788353067,-0.004428596382389408
sample_23,-0.0026746925929845688,-0.004922643309968722
sample_24,-0.006091805258318845,0.01921978471399203
sample_25,-0.004576519531623408,-0.004499955673951503
sample_26,-0.005463096871834619,-0.01146261591645047
sample_27,-0.0026850673076064925,-0.004919371053567754
sample_28,-0.0034739274801040133,-0.004380270706333731
sample_29,-0.0034078182799751403,-0.004517295260202574
sample_30,-0.0026389989256903135,-0.004878606036757165
sample_31,-0.0027560920536337493,-0.004853518539727014
sample_32,-0.006027177274000247,0.018534286941911143
sample_33,-0.0028436483000654177,-0.0049290497319631355
sample_34,0.02074330061924822,0.0016692862220702913
sample_35,-0.0026552307061078377,-0.004866075937825945
sample_36,-0.006001876194041513,0.0182217428183171
sample_37,-0.004582336000514599,-0.004495099586909065
sample_38,-0.002759328113295667,-0.00493690610342336
sample_39,-0.0028285057728405635,-0.004933510833122174
sample_40,-0.006081154375685372,0.019104203122724674
sample_41,0.020814467150876675,0.0016894497902033073
sample_42,0.020803972485671465,0.0016864702754806552
sample_43,-0.0060891323055745575,0.019190348088504196
sample_44,-0.006091223233842807,0.019213871086606917
sample_45,-0.002762684821483385,-0.004859083316225018
sample_46,0.020826218352484743,0.0016927890313175444
sample_47,-0.005480234867154703,-0.011587884765720046
sample_48,-0.002779584954507436,-0.004778987809825041
sample_49,-0.004565325537880056,-0.004539361257748312
sample_50,-0.002676373153927212,-0.004911570362423724
sample_51,-0.0045689178881314265,-0.004520140248060964
sample_52,-0.0035021895470089713,-0.0043858890324162654
sample_53,0.020708921918775294,0.0016595569614862137
sample_54,-0.0054847833038448495,-0.011621831989411288
sample_55,-0.0034983777784052673,-0.004399337935780738
sample_56,-0.0026933042283522816,-0.0049208238736211
sample_57,-0.00543903028176937,-0.011287595861134285
sample_58,-0.006032939603399084,0.018558668101267408
sample_59,-0.002848437483866665,-0.0049459792022404055
sample_60,-0.004537841585580418,-0.004301778130017624
sample_61,-0.004667542249326858,0.004566006822011479
sample_62,-0.0028561451051793514,-0.004931541533665498
sample_63,-0.004572894021844782,-0.004498673613238344
sample_64,0.020562546674439394,0.001618203208058635
sample_65,-0.005462997288923288,-0.011461843205344996
sample_66,-0.002907175071109917,-0.004863764155377085
sample_67,0.020657075468444735,0.0016448608196507047
sample_68,-0.006047354185036768,0.01871821668713452
sample_69,-0.00345898493331256,-0.004399115052926822
sample_70,-0.006079983402421556,0.01909127523813237
sample_71,-0.00284182639836704,-0.0049317727716895144
sample_72,-0.0028419874103556347,-0.004938518716453112
sample_73,-0.004570701856903689,-0.004499205949312552
sample_74,-0.0035292443150131453,-0.004277103884565335
sample_75,-0.00456400349257845,-0.004402396183692581
sample_76,-0.002837420529174321,-0.004933424602166999
sample_77,-0.006017680124151887,0.018433297262099867
sample_78,0.02079040027066225,0.0016826221491943831
sample_79,-0.005465304744065533,-0.011479027215419902
sample_80,-0.002690962450408262,-0.004859301133569483
sample_81,0.02066828353386645,0.001648050230018718
sample_82,-0.0025308701933138777,-0.004824660845071538
sample_83,-0.0026478184723873746,-0.004903977572549879
sample_84,0.02081445141828021,0.001689458041069534
sample_85,0.020833434554093772,0.0016948357315174514
sample_86,-0.0027432130773319347,-0.004877075746806369
sample_87,-0.0027213175527703803,-0.004917125221825355
sample_88,-0.006090984875112564,0.01921121703852882
sample_89,-0.003505696988957303,-0.004330283141178454
sample_90,0.02075459980196799,0.0016724739039405462
sample_91,0.020679971547720666,0.0016514230147151013
sample_92,-0.0028834093567841304,-0.004870917814830045
sample_93,-0.0028435073069399586,-0.0049363326892625636
sample_94,-0.0027899669625238207,-0.004922164453065091
sample_95,0.020721796442304697,0.001663177971410981
sample_96,-0.005464802483677358,-0.011474827731665015
sample_97,-0.002686488543134941,-0.004914877625653834
sample_98,0.020827155925113035,0.0016930515132090546
sample_99,-0.0028503981724791174,-0.004857707620047904
sample_100,-0.002734901573427987,-0.0049170276697092395
sample_101,-0.006086967950166116,0.0191669603784004
sample_102,-0.002869316170987131,-0.004889342568464057
sample_103,-0.006090808223386701,0.019209417228838
sample_104,-0.004565714308967987,-0.00453865038205937
sample_105,-0.006090416543224389,0.019205214830020516
sample_106,-0.004582247750842475,-0.00488047328189191
sample_107,-0.005453310177525155,-0.011390154080734119
sample_108,-0.004571784791384253,-0.004393461297910181
sample_109,-0.004541605900470324,-0.004123297539562542
sample_110,0.020734680459443152,0.0016668858545567252
sample_111,-0.00284003378934846,-0.004920422066008456
sample_112,-0.004579317876481233,-0.0044522219680620395
sample_113,0.020810898001580917,0.0016884407315211143
sample_114,-0.0028103296544867737,-0.004850343094035378
sample_115,-0.006092961863016343,0.019232686555996005
sample_116,-0.006043761637150044,0.018697037184391488
sample_117,-0.0060767747217972,0.019054770337322325
sample_118,-0.0027558837783456806,-0.004913797569269926
sample_119,-0.002793620792014347,-0.004861024805448764
sample_120,-0.004541034338757593,-0.0043997363664777835
sample_121,-0.006047988020394358,0.01873932773823343
sample_122,-0.004564082675229085,-0.004544902949134485
sample_123,-0.00265850517852723,-0.004913321609039866
sample_124,0.020800753339813956,0.0016855639397432153
sample_125,0.020824576481792915,0.0016923255687459116
sample_126,0.020826692517890755,0.0016929231870722629
sample_127,-0.0027903978758387757,-0.004939953713523992
sample_128,-0.006091601919746436,0.01921783329139755
sample_129,-0.003563996662823173,-0.004269224859036079
sample_130,-0.005454863747548386,-0.011401788721958626
sample_131,-0.0034939776244378436,-0.00439360202460432
sample_132,-0.005483204610392099,-0.01161005949583048
sample_133,-0.0028934475315743656,-0.0047352598283464465
sample_134,-0.0026158471855608806,-0.004887103774295044
sample_135,-0.0060924307035930695,0.019227012534442707
sample_136,-0.004580608403629492,-0.004487976314293522
sample_137,-0.002804505411681361,-0.004894158555238298
sample_138,-0.006020331094506276,0.01846023668161185
sample_139,-0.005479412169829351,-0.01158235574850737
sample_140,-0.00282015351839804,-0.00489916041870806
sample_141,0.020696190813807427,0.0016559209523162584
sample_142,-0.0028203474132887044,-0.004932528810814909
sample_143,-0.006011183474547763,0.018362100876797557
sample_144,-0.0045736771453968395,-0.004348373559477908
sample_145,-0.005465101716990166,-0.011475270557788596
sample_146,0.020832448442168548,0.001694559261741751
sample_147,-0.0028145394881534717,-0.0048926311554073456
sample_148,-0.004569898536159194,-0.004517426721676944
sample_149,-0.004574161354558867,-0.004480451124813381
sample_150,-0.004563558375730475,-0.00438809737270976
sample_151,-0.00454444943123944,-0.004399702214381818
sample_152,-0.002713953962713977,-0.004861184566206733
sample_153,-0.002717286991861406,-0.0048887472533032895
sample_154,-0.0045656998151797105,-0.004382354966044834
sample_155,-0.002869019771646152,-0.004905336575904378
sample_156,-0.0028235528232018496,-0.004914948139370385
sample_157,0.020453986740550115,0.0015878794012613706
sample_158,0.020807587917177302,0.0016875077414835859
sample_159,-0.004578930341896999,-0.004491188523197
sample_160,0.020816214023359484,0.0016899615524151811
sample_161,-0.004580667421814475,-0.004480289486608048
sample_162,-0.006070840309742497,0.018991970604680185
sample_163,-0.0028406305644463918,-0.004945275503614137
sample_164,0.020751810492556966,0.0016716827560704075
sample_165,-0.004571872632527149,-0.004381242018390724
sample_166,-0.005450799664708066,-0.011369093242606591
sample_167,-0.006084037587118446,0.019134684449838096
sample_168,-0.004545460689616409,-0.004464386827360427
sample_169,-0.0028280790125397794,-0.004939805821973305
sample_170,-0.006037078109539236,0.018634718961970668
sample_171,-0.004491129585216717,-0.004421034346855664
sample_172,-0.002598455981404121,-0.004868937266595831
sample_173,-0.00456727509053375,-0.004537190057377186
sample_174,-0.0028443655199686018,-0.0049263060488732476
sample_175,-0.002826808782080177,-0.004925524589239825
sample_176,-0.0027814238615136264,-0.004933350055390902
sample_177,0.02079204822717248,0.0016831052373264574
sample_178,-0.0028105091074446843,-0.004922484152281617
sample_179,-0.006056465353244447,0.018836577750903628
sample_180,-0.005480446580422282,-0.011589878351061246
sample_181,-0.006029902260684504,0.018559759802444266
sample_182,-0.0028149471449303324,-0.004920617213645032
sample_183,0.02081846311945715,0.0016905852345129285
sample_184,0.020350235890583945,0.0015585620919588551
sample_185,0.020838659317013668,0.0016963223360556385
sample_186,-0.00456588304211347,-0.004534365846109861
sample_187,-0.004573725001789217,-0.0044312785925100595
sample_188,-0.002911626359484215,-0.004811456337338783
sample_189,-0.0045758172316121845,-0.004423859211450076
sample_190,-0.004551012040264084,-0.004833471117162494
sample_191,-0.006033854162954474,0.018601156009776673
sample_192,-0.004544315857826754,-0.00449893947590785
sample_193,0.0204641904347483,0.001590666728235628
sample_194,-0.004568526339952752,-0.004538963376888897
sample_195,-0.0028588290238556317,-0.004936976638909832
sample_196,-0.002772741644065318,-0.0049100802149293
sample_197,-0.0026419243504244476,-0.004882996649348921
sample_198,-0.00455662320526018,-0.0043887212925830255
sample_199,-0.004574292999381105,-0.0043291004116921775
sample_200,-0.0028696049908779214,-0.004876393060491551
sample_201,-0.006094623251420418,0.01925077650821666
sample_202,-0.006086509265062954,0.01916170412411502
sample_203,-0.006025268359152996,0.01851428917047945
sample_204,-0.006051916502654243,0.018783293052694085
sample_205,0.020575293564283614,0.0016217666799743858
sample_206,-0.0034844854359285804,-0.004409247528842899
sample_207,0.020386185496432348,0.0015686745418248614
sample_208,-0.0028792365209634892,-0.004748113935600165
sample_209,-0.004575476375568543,-0.0044480269470250555
sample_210,-0.004560789694491657,-0.004390152760335067
sample_211,-0.002887617439594946,-0.004737215525705336
sample_212,0.02065453389104472,0.0016441796700556023
sample_213,-0.0026775916640094633,-0.004909624743135805
sample_214,0.020806605487383525,0.0016872222250296862
sample_215,-0.0028696780723304178,-0.004885585222414875
sample_216,-0.0026548417445893093,-0.004887688514045173
sample_217,-0.0028257340674296525,-0.004898745706699432
sample_218,-0.004583083288179837,-0.0044495486389371985
sample_219,-0.002809984945810061,-0.004931406241488561
sample_220,-0.006063121322811858,0.018910016329051507
sample_221,-0.004573932023965598,-0.004356876556369946
sample_222,-0.006088150372997935,0.019178830353155294
sample_223,-0.006090258781223668,0.01920345177404728
sample_224,-0.004564937131590318,-0.0044139058471230515
sample_225,-0.0028584112360330594,-0.004927286687988556
sample_226,-0.006084742182781424,0.019142192885340067
sample_227,0.0207075300088109,0.001659166438783913
sample_228,-0.0028630168570572723,-0.0048879979171713404
sample_229,-0.004567634470027076,-0.004415529237119414
sample_230,-0.004544066285307658,-0.004483028394377681
sample_231,0.02055185297780188,0.001615183331787155
sample_232,-0.005458765197150171,-0.011428076533089002
sample_233,-0.0027079487058970114,-0.004925706235476093
sample_234,-0.006090938108205639,0.0192099929034482
sample_235,0.020814361365137438,0.0016894194527321237
sample_236,-0.006025089825497408,0.018511220143569478
sample_237,-0.005456092728601157,-0.011411316592620995
sample_238,-0.0033457245478637453,-0.004500690099870856
sample_239,-0.006071909370379413,0.019002512825047113
sample_240,-0.006046651908505542,0.018725820233300557
sample_241,-0.00453636952694697,-0.004343470149916728
sample_242,0.020807435578596045,0.00168745552573614
sample_243,0.020781126041473294,0.0016800064767237483
sample_244,-0.004580911340209039,-0.004495524282781512
sample_245,-0.004562018790357386,-0.00452591365690273
sample_246,-0.0060718070289529375,0.018997222809956495
sample_247,-0.0028621463797286265,-0.00488860600002659
sample_248,-0.003483565566148031,-0.004366251366744888
sample_249,-0.005427724414399565,-0.011198806086826404
sample_250,-0.003506862214515675,-0.004361293543146923
sample_251,0.020705867248530137,0.0016587065375646085
sample_252,-0.005369206232631845,-0.010781008259491862
sample_253,-0.00283857681927235,-0.00492074554964484
sample_254,0.020655846293757107,0.0016445440527686726
sample_255,-0.006093898317370424,0.019242788921832253
sample_256,0.020822927398917775,0.0016918558960301781
sample_257,0.020731480475477407,0.0016659084246048441
sample_258,0.02082196690605535,0.0016915780423648575
sample_259,-0.0028345973256406385,-0.004892010254022624
sample_260,-0.005443999236429545,-0.011323709487392992
sample_261,-0.0054639613204557095,-0.011468707419671015
sample_262,-0.00456647252800021,-0.0043764543850312795
sample_263,-0.005431152570684849,-0.011223519959767152
sample_264,-0.005457586560122746,-0.011422646975128308
sample_265,0.020561459348956243,0.0016178926700749696
sample_266,-0.004276966776394444,-0.004750873817915291
sample_267,-0.003559248204718487,-0.004361213987671707
sample_268,-0.002911642913124211,-0.004823603826196406
sample_269,-0.006030033029604157,0.01855639990343412
sample_270,-0.006073623667389381,0.019020125817049493
sample_271,-0.0026928056539084083,-0.004911186544157559
sample_272,-0.0054831744722590335,-0.011609985705617883
sample_273,0.02080970854906545,0.0016881160832536053
sample_274,-0.006076783889416229,0.019057827602341825
sample_275,0.020817015215610944,0.0016901769693288674
sample_276,-0.00282607559081311,-0.004844633105976388
sample_277,-0.0015971246458672055,-0.004586347316552083
sample_278,-0.006053271214707061,0.01880300923496378
sample_279,-0.002695784294728966,-0.004921743379772739
sample_280,-0.0034808574306236,-0.004378734526786391
sample_281,-0.00347583031438889,-0.004405859902374238
sample_282,-0.0026919073531421304,-0.004926344504133469
sample_283,-0.004574328041728735,-0.004510077958553558
sample_284,-0.004558176744426556,-0.004495130763632008
sample_285,-0.002824080787854824,-0.004934636490425405
sample_286,-0.0028375631800139542,-0.004936302935819348
sample_287,-0.002821880301898311,-0.004894933781430747
sample_288,-0.005984111064801029,0.018018554133993628
sample_289,-0.00607125433274659,0.018995875584293616
sample_290,-0.00603467034618874,0.018603246683064914
sample_291,-0.006090060175813297,0.019201319644204885
sample_292,-0.0028262542658203525,-0.004924605178487154
sample_293,-0.002986296978322721,-0.004326297462413177
sample_294,-0.0025407023168467716,-0.00487397220404418
sample_295,-0.006057965033241176,0.01885424397486401
sample_296,-0.0028092599886782666,-0.0049418777797188475
sample_297,-0.0028378744474577503,-0.004946888881719435
sample_298,-0.004561019282865626,-0.004379080898130933
sample_299,0.020766611103223535,0.001675893808473286
sample_300,-0.002836987841393341,-0.004947419627033296
sample_301,-0.0028389063293181227,-0.004944919326865875
sample_302,-0.005472875955889637,-0.011534557376331966
sample_303,-0.004567898615240853,-0.004407402727496997
sample_304,0.020771016727646703,0.001677127690312849
sample_305,-0.0027893804623286447,-0.004920168238561363
sample_306,-0.0027887670681144804,-0.004895593192153564
sample_307,-0.0029139172794205403,-0.004821564851393914
sample_308,-0.005485567639382419,-0.011627687388279375
sample_309,-0.0028563879855571044,-0.004893318601425789
sample_310,0.020815737593219634,0.0016898078992544226
sample_311,-0.0028290863605893468,-0.004921640933920979
sample_312,-0.005430408367882068,-0.011217694434917597
sample_313,-0.0045559153567087465,-0.00454379736070568
sample_314,-0.004557062438500158,-0.004391227180076308
sample_315,0.020694647720912902,0.0016555501217505387
sample_316,-0.006079849546292852,0.019090472355577672
sample_317,-0.0028262137653516377,-0.004944892150141833
sample_318,-0.006046525884190768,0.018733889945023965
sample_319,-0.006072674511881087,0.019010150394882363
sample_320,-0.00457769008044184,-0.004389259052736784
sample_321,-0.005442345854941771,-0.011311704678382103
sample_322,-0.005908210172401395,0.01723489119972607
sample_323,-0.0028004835110697537,-0.004941395863287017
sample_324,-0.002770082146973265,-0.004932826733037387
sample_325,-0.003512942624021548,-0.0043545173307932734
sample_326,-0.003431273897430326,-0.004436813523784538
sample_327,-0.006090672999548776,0.019207948360453326
sample_328,-0.0028251408119822044,-0.004804473131303923
sample_329,-0.0027912644825411276,-0.00492976499954206
sample_330,0.020694121122569905,0.0016553855672114105
sample_331,-0.0034980829330650645,-0.004371212313577379
sample_332,-0.006088356677109201,0.019182355721809964
sample_333,-0.002836101429419036,-0.004850587831030755
sample_334,-0.004523029493407357,-0.0044050557223542595
sample_335,0.020703661362421407,0.0016580837502673507
sample_336,-0.006003081027275386,0.018223599659420133
sample_337,-0.0026951476095874085,-0.004850300032157412
sample_338,0.020448166246174685,0.0015863345787296736
sample_339,-0.005484474669665268,-0.011619757698033452
sample_340,-0.00285033931213982,-0.0049161502124717696
sample_341,-0.0028188919749391355,-0.004926318701557725
sample_342,-0.0027560407499881974,-0.0048482533267075155
sample_343,-0.0045281735632568074,-0.004323743394426214
sample_344,-0.004596165222622638,-0.004854311638447061
sample_345,-0.004569872739371647,-0.004399572847544272
sample_346,-0.00296795169805453,-0.004284594432202982
sample_347,-0.002777143435996767,-0.004845978687265988
sample_348,0.020795361420905694,0.001684033326550319
sample_349,-0.004569195408588575,-0.00449646096247058
sample_350,-0.002797091901175803,-0.004938082120968724
sample_351,-0.006044753593793416,0.018708703655463597
sample_352,-0.0027460000519164704,-0.004877872746636883
sample_353,-0.005477282684726596,-0.011566727081626302
sample_354,-0.00537842649974098,-0.010847052744442691
sample_355,-0.004548768915014903,-0.004426493386416021
sample_356,-0.0027269983328603925,-0.004919181618872531
sample_357,-0.006093927353257621,0.01924313610423568
sample_358,-0.0027243212986501775,-0.004908499401564356
sample_359,-0.0027484263980724626,-0.004820029262017488
sample_360,-0.0028509825836565104,-0.004766482184849486
sample_361,-0.005474133339518018,-0.011543265196862539
sample_362,-0.004574384200555375,-0.004426245973926482
sample_363,-0.005426719257396219,-0.011194052775199578
sample_364,-0.0059957557628532955,0.018145239749395147
sample_365,0.02078906123299063,0.0016822533485284063
sample_366,-0.006042912652370169,0.018690175836662444
sample_367,-0.0028994125707755385,-0.004751103600585209
sample_368,-0.0028161335290411197,-0.0048974314142573114
sample_369,-0.006088868396840285,0.01918736030365483
sample_370,-0.0034553700896028006,-0.004387708333520643
sample_371,-0.00548202037037967,-0.011601305145315415
sample_372,0.020779701372293867,0.0016795951124969218
sample_373,-0.0044865585610836325,-0.004395693003050721
sample_374,0.020680032106370035,0.001651425162071335
sample_375,-0.0028324715519981165,-0.004928468051322007
sample_376,-0.006043452214009838,0.018700579939337776
sample_377,0.020553367273258915,0.001615600873942535
sample_378,-0.0028598694606843515,-0.004875503901713613
sample_379,-0.00547861728346248,-0.011576165949725738
sample_380,-0.006055747847878267,0.018828391964997502
sample_381,-0.006083533461993434,0.019130054571838986
sample_382,-0.005481864792137408,-0.011600441555247615
sample_383,-0.005473936751714244,-0.011541152021889213
sample_384,0.020757170977220366,0.0016732469083869652
sample_385,-0.0027160715930993704,-0.004905161528022277
sample_386,-0.002743025438002,-0.004902640483721405
sample_387,-0.005452310073691799,-0.011384576993062959
sample_388,-0.006049503444106657,0.018752138630994918
sample_389,-0.0034476872118346684,-0.004556380588200821
sample_390,0.020817246053036628,0.001690244933363517
sample_391,-0.0034968027505414326,-0.004399231616044294
sample_392,-0.0026383044029057324,-0.004892882116853925
sample_393,-0.002820229476111492,-0.004881770633649591
sample_394,-0.0045780734999851195,-0.004504200475420441
sample_395,-0.004567489661481182,-0.004383928702724112
sample_396,-0.00609061441955115,0.019206574226851642
sample_397,-0.004578861594617204,-0.004469757193595922
sample_398,-0.0034481612783185925,-0.004386164501441853
sample_399,-0.006039767117358423,0.018660438243892616
sample_400,-0.0054851132676138545,-0.011624391499251152
sample_401,0.02061863685977006,0.0016340359934371464
sample_402,-0.002671212502318425,-0.004866409003061492
sample_403,-0.004541023045582381,-0.004330748126340602
sample_404,0.020794342009005352,0.00168374272985916
sample_405,-0.002825871830751553,-0.00493671002714375
sample_406,-0.003500305925179692,-0.0043960320520648
sample_407,-0.0028110672537005593,-0.004939382171405054
sample_408,-0.0045734087727671525,-0.004495233401214356
sample_409,-0.002733050980954845,-0.004925783502742981
sample_410,-0.003503638236002063,-0.004396178507406327
sample_411,0.020774133742315078,0.0016780533643314536
sample_412,-0.002819348822181524,-0.004762070698454367
sample_413,0.020782229948738434,0.0016803068577320647
sample_414,-0.005464013784599202,-0.01146924217161241
sample_415,-0.002779540411380394,-0.0048807738541320955
sample_416,-0.004561393451831637,-0.004509785188678885
sample_417,-0.001391192641315171,-0.004524215094339518
sample_418,-0.00350851112605714,-0.004368971878242568
sample_419,-0.004587804174733792,-0.004527907010596323
sample_420,-0.0027486111111997055,-0.004874321539974643
sample_421,-0.002851470916864197,-0.004786836778873631
sample_422,-0.002809169175653729,-0.004936501938037634
sample_423,-0.006032170417825644,0.018544503410655718
sample_424,-0.004579810024623736,-0.0044435746675351336
sample_425,0.020820504599543727,0.001691161889841933
sample_426,-0.002830292344303445,-0.004888743922440072
sample_427,0.02080146393143722,0.001685766482396822
sample_428,-0.006031656930749977,0.018580127888602537
sample_429,-0.002831139043395228,-0.0049329537603494365
sample_430,-0.006088892596521622,0.01918729079655768
sample_431,-0.005448079564334011,-0.011349393450609957
sample_432,-0.002682016017448811,-0.00483463134108398
sample_433,0.020682028975441035,0.0016519372334307207
sample_434,-0.004570915842810447,-0.0043233870668365655
sample_435,-0.0060296539366496635,0.018551061520275552
sample_436,-0.0026921843717394893,-0.0049170527074664854
sample_437,-0.0028132778042208938,-0.004774541403738641
sample_438,-0.0060223774919276486,0.01848278295933975
sample_439,-0.0030011263495240033,-0.004407820855192794
sample_440,-0.004573574803294363,-0.0040977516488959025
sample_441,-0.0034656951971810566,-0.004410826002556306
sample_442,-0.0034858173933147306,-0.004370797422039765
sample_443,0.02059431419060549,0.0016272039036959475
sample_444,-0.005480498290231165,-0.01158982592512616
sample_445,-0.0028078301733903558,-0.004905972201483507
sample_446,-0.005959581715562778,0.01783502162792449
sample_447,-0.004558123043545158,-0.0044001705481066
sample_448,0.02075279604188616,0.001672029619779337
sample_449,-0.0028184314647012256,-0.004769427745345452
sample_450,0.020454342838216424,0.001587993476542129
sample_451,-0.002796835692351129,-0.004926508762151311
sample_452,-0.0028207230907640163,-0.00494114357100092
sample_453,-0.0035035025854379433,-0.004106087070033352
sample_454,-0.0027217134747091827,-0.004925439015727516
sample_455,-0.0060197600376199695,0.018453536272688517
sample_456,-0.004580802839533101,-0.004485368353758798
sample_457,-0.002855667436193245,-0.004920041299184356
sample_458,-0.006054099558698122,0.018800641487484504
sample_459,-0.002846306731617661,-0.004924109664795721
sample_460,-0.002682734066142688,-0.004911273417916684
sample_461,-0.004531631636478956,-0.004514126812907277
sample_462,-0.004573257751353429,-0.004465983529907888
sample_463,-0.0060242499051151605,0.018499704496547458
sample_464,-0.005441902323172236,-0.011308397055033245
sample_465,0.0207416597416286,0.0016688044481970336
sample_466,-0.005482963891601869,-0.01160862176600382
sample_467,-0.002814429810541868,-0.004938846415756677
sample_468,-0.006068686155622413,0.01896383773781478
sample_469,-0.0060518960862380915,0.01878615954923315
sample_470,-0.002682509167124417,-0.004925813379474658
sample_471,0.020810778927253682,0.001688407707317811
sample_472,-0.006085825276399573,0.019154649195018303
sample_473,-0.005383234454158571,-0.010884690289172418
sample_474,-0.004572534416342011,-0.004514319871275758
sample_475,-0.004537355699678645,-0.004695698026176194
sample_476,-0.002551323982870103,-0.004765127564711733
sample_477,0.020796297578014156,0.0016842885120878824
sample_478,0.02069096582275679,0.0016544622309515279
sample_479,-0.0034567782399591495,-0.004404087540437613
sample_480,0.020669722443500727,0.0016485170479526297
sample_481,-0.004566887650512331,-0.00452758485403347
sample_482,-0.006034089298822349,0.018597752524602787
sample_483,0.02072325863080873,0.001663641742784021
sample_484,-0.00276052846721656,-0.004919961310231455
sample_485,-0.004565961256427713,-0.004537267654423363
sample_486,0.02064262313324672,0.001640869527384517
sample_487,-0.004570958894579841,-0.004366981091712933
sample_488,-0.0028419854951352887,-0.004887217938131445
sample_489,-0.002851882861369563,-0.004753158670127078
sample_490,-0.005460734268200182,-0.011443069091798805
sample_491,-0.004551054429915947,-0.004422882466415307
sample_492,-0.006082275726628644,0.01911470770936992
sample_493,-0.00547831107939943,-0.011574408468799256
sample_494,-0.004563016802349211,-0.004325047335353197
sample_495,-0.0028065693254335066,-0.004939358287582067
sample_496,0.020688985875562352,0.0016539585977850422
sample_497,-0.003197888320243075,-0.004369319618957889
sample_498,-0.002865053058930969,-0.004911068291028372
sample_499,0.02081443809798069,0.0016894414600987628
sample_500,-0.002804922893792204,-0.004902274645763683
sample_501,-0.005481302955229246,-0.011596372482877206
sample_502,-0.0028481239613911366,-0.004902513007013548
sample_503,-0.00546377347280197,-0.011465271504076238
sample_504,-0.006058277649863421,0.018854970338379948
sample_505,-0.002672313866042881,-0.004923523632542135
sample_506,-0.0027533980504385225,-0.004920157998996539
sample_507,-0.004395348150881699,-0.004353923492442377
sample_508,-0.00456774142967251,-0.00453612112274413
sample_509,-0.004567365732070704,-0.00435894367680615
sample_510,-0.00530722935005201,-0.010294074076325052
sample_511,-0.006032566282924156,0.018588266730486084
sample_512,-0.0045733520065656666,-0.004434334184952881
sample_513,-0.004573933387001388,-0.004416164505892914
sample_514,-0.002789867658848064,-0.004921212574129532
sample_515,-0.002812209482095701,-0.004923409276247739
sample_516,-0.0058409003182158924,0.016523362367666404
sample_517,0.020834193292194044,0.001695051044744531
sample_518,-0.004535296917087605,-0.0044254828765619945
sample_519,0.020825096121205332,0.0016924661080335705
sample_520,-0.0027060869133611427,-0.004916153822854353
sample_521,-0.0060927769982954795,0.019230389994062475
sample_522,-0.0026387152252659693,-0.004908949854065939
sample_523,-0.005941231283612418,0.017648939609156863
sample_524,-0.006036029172956541,0.018624694749989585
sample_525,0.020731821966717023,0.0016660846637104238
sample_526,0.020783826532857177,0.0016807591570754247
sample_527,-0.004563074985973757,-0.004478120491079333
sample_528,-0.0027326783603931204,-0.004910525744230176
sample_529,-0.0060099064357504225,0.018313107848985433
sample_530,-0.00547968354375271,-0.011583842499447555
sample_531,-0.005442963493418508,-0.011314251007278417
sample_532,-0.0027334449657943054,-0.004809880915065476
sample_533,-0.006091421890330897,0.019215454630696117
sample_534,-0.006049088019561048,0.01875911003416211
sample_535,-0.0028398808676093805,-0.004933889517395877
sample_536,-0.0028094014167105584,-0.004891832745722043
sample_537,0.02077941454961051,0.0016795298656145554
sample_538,-0.006016468697882538,0.018412736944191738
sample_539,-0.005444967501094679,-0.011331060210845303
sample_540,-0.00287608093575368,-0.004899394973597865
sample_541,-0.003477896346306419,-0.004403311295279503
sample_542,-0.005414522070197781,-0.01110310749698571
sample_543,-0.004554770610083077,-0.004460436690360351
sample_544,-0.0028343516109293485,-0.0049185567674161455
sample_545,-0.0028669068028053476,-0.0049147685992137645
sample_546,-0.0026708960176953594,-0.004914894009130398
sample_547,-0.006093091432120085,0.01923384829894766
sample_548,0.020605284518681155,0.0016302639253495464
sample_549,-0.004573748198389439,-0.004419070407370561
sample_550,-0.004579882578884379,-0.004490310263873177
sample_551,-0.002613112715014054,-0.004861337546697013
sample_552,-0.0060781168485305095,0.019070484098199697
sample_553,-0.0054668739267298,-0.011490244491027346
sample_554,-0.00604160492599364,0.018680358376301543
sample_555,-0.006088158447185671,0.01917976178402166
sample_556,-0.0027585310859621053,-0.004894402443953449
sample_557,0.020835387671412103,0.001695393216192342
sample_558,-0.004563006875999677,-0.004398792590297653
sample_559,-0.006072961317945091,0.019016438542972004
sample_560,-0.002623176833311655,-0.004804419960435743
sample_561,-0.005475184476647785,-0.011551593968377696
sample_562,-0.004572157491102662,-0.004422277100313527
sample_563,-0.004581046584461019,-0.004489437202296067
sample_564,-0.004562591084683698,-0.0043864996975049066
sample_565,0.020829364190613,0.0016936805015817225
sample_566,-0.004571671906020848,-0.004423978900146466
sample_567,-0.006068721187618992,0.01896356619805534
sample_568,-0.002662422637454792,-0.004916413676363645
sample_569,-0.0028625936817630203,-0.004918718389867678
sample_570,-0.005466687490926842,-0.011488804941932078
sample_571,0.02075013232126143,0.0016712411631298234
sample_572,-0.003507167035316709,-0.004343272663127726
sample_573,-0.0028583803082362896,-0.004928313422695475
sample_574,-0.0035312881450621576,-0.00429905824969489
sample_575,-0.0060583090164608505,0.018856594521476793
sample_576,-0.004570132311020565,-0.004419645469078682
sample_577,-0.004460271899725465,-0.0038737802131452665
sample_578,-0.002878251895951742,-0.004721602839211299
sample_579,0.020761287511269707,0.0016743677702131113
sample_580,-0.004567935466226974,-0.00437739506980088
sample_581,-0.0045659132137105115,-0.004461358879108817
sample_582,-0.002680245978917625,-0.0049109732102966125
sample_583,-0.006082202966635312,0.019113338832553076
sample_584,0.020595196742753216,0.001627421083630684
sample_585,-0.00547918864029793,-0.011580543026668489
sample_586,-0.004555680746687615,-0.004364780387622506
sample_587,0.02074920693488038,0.0016709413213105745
sample_588,-0.005441811703361552,-0.011302318974841862
sample_589,-0.004582324353190291,-0.004502538514314744
sample_590,-0.0054765620862267704,-0.011561434573185016
sample_591,-0.006034106884642913,0.01860312082656243
sample_592,-0.0060237974743431455,0.018497052270102208
sample_593,-0.0035126486305430862,-0.004353059164629484
sample_594,-0.002649706867666864,-0.004909542270973769
sample_595,-0.006084440757950291,0.01913913783805227
sample_596,-0.0060302856508863975,0.01856360963713546
sample_597,-0.005441275262988355,-0.011304030855860755
sample_598,-0.002863312112559404,-0.004771160320741066
sample_599,-0.004000179803478753,-0.0028979417152376246
sample_600,0.020401162802955324,0.0015728847692641997
sample_601,0.02039452526771319,0.0015711430697145847
sample_602,-0.006048000172812558,0.01874962542494212
sample_603,-0.0026402404149127494,-0.0049045298377949145
sample_604,-0.004565371165464806,-0.004521601720789849
sample_605,-0.003380186993149566,-0.004448983998759051
sample_606,-0.0028743351857667154,-0.004868696851703745
sample_607,-0.005460580246885888,-0.01144327058829238
sample_608,-0.0028445406499690252,-0.004922052461265902
sample_609,0.02071859596511783,0.0016623244652686025
sample_610,0.020822673233003776,0.0016917786325321535
sample_611,-0.003471779603634948,-0.0043717631323202544
sample_612,-0.0027981525630200697,-0.004931869925273725
sample_613,-0.005461379699206184,-0.011447671426298978
sample_614,-0.0026714705133999957,-0.004917214748648392
sample_615,-0.006021202150855288,0.018471389129094337
sample_616,-0.00351998359173729,-0.004309617662261054
sample_617,-0.0029782497488997045,-0.00476138631019778
sample_618,-0.005386543233011155,-0.010908085157446318
sample_619,-0.00276030420255878,-0.004909392307902472
sample_620,0.020823798948379102,0.0016921015945123936
sample_621,-0.0027934410086628354,-0.00492872706661191
sample_622,-0.0035059317144873,-0.004358044679532511
sample_623,-0.006037149159715543,0.01862827480375276
sample_624,0.02069205336550158,0.001654845564794718
sample_625,-0.004588391712243461,-0.00361652530084501
sample_626,-0.0028545350482336203,-0.004915923502916795
sample_627,-0.0028186809740473467,-0.00491273839117543
sample_628,-0.006001046421061874,0.018202627117100488
sample_629,-0.003490013078522029,-0.004361382712812505
sample_630,-0.002767859143730148,-0.00492116159564713
sample_631,-0.002858280595515415,-0.004921579215393178
sample_632,-0.002860524893975894,-0.004929258401529934
sample_633,-0.002660644672468863,-0.004912903645695847
sample_634,-0.005433077978132165,-0.011239678098521597
sample_635,-0.0045883532645437045,-0.0046174231883471615
sample_636,-0.004562036397612384,-0.004480330519176711
sample_637,-0.0034560264838149886,-0.004411698597679728
sample_638,-0.002777585734153461,-0.004905742495545584
sample_639,-0.003510045041000873,-0.004364287988115885
sample_640,0.020834567988176313,0.0016951599623794315
sample_641,-0.0034889375847253884,-0.004393301508997132
sample_642,-0.0027737548389839464,-0.00487910610758573
sample_643,-0.006090312518555147,0.01920359047307575
sample_644,-0.004568574570533166,-0.004501544475555905
sample_645,-0.004566751709636035,-0.004365052448691124
sample_646,-0.006080272863398947,0.019093152070266437
sample_647,-0.006092535184638237,0.019227539014611928
sample_648,-0.004558548036293504,-0.004359510780499127
sample_649,-0.0060198124877591935,0.018450399396985395
sample_650,-0.005483516621451777,-0.011612541001590801
sample_651,-0.0028530674022912497,-0.004938218776660277
sample_652,-0.005471663427770467,-0.01152401434198461
sample_653,-0.006078724821917757,0.019077330062592348
sample_654,-0.002694594245566214,-0.004915705884433177
sample_655,-0.002791603680328217,-0.004896907239637033
sample_656,0.020805180230462034,0.0016868188485770084
sample_657,0.02079913516684043,0.0016851045146344438
sample_658,0.020415611609765454,0.001577000767274556
sample_659,-0.004567591002988042,-0.0043469365939264384
sample_660,0.020740453392912323,0.001668482168109248
sample_661,0.02067803087934174,0.0016507993335798724
sample_662,-0.005484351789731542,-0.011618801709331834
sample_663,-0.002560567193931525,-0.0048865902941202695
sample_664,-0.002859821623278866,-0.004924452140103047
sample_665,-0.005451691053344408,-0.011379536469972222
sample_666,-0.004538672491430944,-0.004699806261202528
sample_667,-0.0059723614995771356,0.017968800908203904
sample_668,-0.0028197970592423304,-0.004861128470877424
sample_669,-0.006025721264684028,0.01851594867083639
sample_670,-0.00547694443952483,-0.011564186199402996
sample_671,-0.0028565331606324397,-0.004911142405867168
sample_672,-0.002791764436179282,-0.004930114989161493
sample_673,-0.0028655622352680987,-0.004916097305844899
sample_674,0.020781286868116037,0.0016800400452198568
sample_675,-0.004580639027411985,-0.004510429171843515
sample_676,-0.006016568533381757,0.018424771124845918
sample_677,-0.0028115708695112362,-0.004924914623861308
sample_678,0.020627337626281772,0.0016365734621674893
sample_679,-0.006010615590325172,0.018356796294946853
sample_680,0.020735241173838383,0.0016670213303513757
sample_681,-0.0028424760350400993,-0.004933655825939785
sample_682,-0.004558350879413913,-0.004376751231606207
sample_683,-0.006031828638468582,0.018579035398299845
sample_684,0.020808640738655824,0.001687797734841844
sample_685,-0.004580634570528896,-0.00450578408753686
sample_686,0.020816504694899658,0.0016900320785436726
sample_687,0.02077637367448005,0.001678655952794817
sample_688,-0.0035051257263411946,-0.004391417281540382
sample_689,-0.006074871841169355,0.01903493351757646
sample_690,0.02076122348321396,0.001674339211555115
sample_691,-0.004572301744393931,-0.004417916146051594
sample_692,-0.005438164229109916,-0.01127564738546234
sample_693,-0.0054229396222418465,-0.0111685668318625
sample_694,-0.002771373832082154,-0.004893972339812514
sample_695,-0.002821967155231543,-0.004924715412769041
sample_696,-0.0027829621887925453,-0.0048747726278488245
sample_697,-0.0045702402842116305,-0.004482073502103182
sample_698,-0.006020978722919285,0.01846906384372889
sample_699,-0.0060175775213069235,0.018411632809882818
sample_700,-0.006032253070744387,0.018584455746380384
sample_701,-0.002767356281882589,-0.0049236064887558315
sample_702,-0.004490648963082143,-0.0041164844264374705
sample_703,-0.006084858509434147,0.019143371110214295
sample_704,0.020718348984642507,0.00166221173280953
sample_705,-0.0028502855712453645,-0.004929888742343489
sample_706,-0.004573696580096444,-0.004049251487823119
sample_707,0.02066970910108299,0.0016485338655163838
sample_708,-0.0028423401667711412,-0.004914155820415765
sample_709,0.02040433878187626,0.0015737557935782316
sample_710,-0.0026487457362466323,-0.004856806177579138
sample_711,-0.006024805666252574,0.01849836811864404
sample_712,-0.003493852727802732,-0.004376175486145768
sample_713,-0.005380105208660614,-0.010862346826799284
sample_714,0.020787478960404778,0.001681793425802681
sample_715,0.020836359625934747,0.0016956697774561866
sample_716,-0.006072834401620659,0.019012876151735126
sample_717,0.02079719569446197,0.0016845644053830437
sample_718,-0.006015574118788977,0.018413448283526937
sample_719,-0.0026966253858947335,-0.004904863378190438
sample_720,-0.004577417263498561,-0.004459958516704046
sample_721,-0.004571563017469308,-0.004411364780629196
sample_722,-0.002856040110458709,-0.004735686541648561
sample_723,-0.002918668598422023,-0.004883137239198156
sample_724,-0.0060294525167055935,0.018555312171283166
sample_725,-0.0027595134014761287,-0.004862389057761521
sample_726,-0.00280606479862977,-0.0049374536072930705
sample_727,-0.002851474112769383,-0.0049435894988345535
sample_728,-0.002711851884106762,-0.0048713029518595
sample_729,-0.0060891513514486325,0.019191111692856106
sample_730,-0.006025754738844678,0.018516668701882157
sample_731,0.020832823911555293,0.0016946644389007955
sample_732,-0.005456731209295902,-0.011416534161004273
sample_733,-0.006093505374533309,0.019238527062570374
sample_734,-0.0034889527065143896,-0.004384673468857242
sample_735,-0.0028517299896922534,-0.004929615001646511
sample_736,-0.00601310562017349,0.01838857972504831
sample_737,-0.002801984583923927,-0.004818275553605262
sample_738,-0.004554519587973189,-0.004422674184228099
sample_739,-0.0030801580948234875,-0.0046793277994569915
sample_740,-0.0027363781214319247,-0.0048577189160107954
sample_741,0.02081152615233938,0.001688613302282087
sample_742,-0.002849891536066954,-0.004935722446722258
sample_743,0.020762232141645447,0.0016746338250932372
sample_744,-0.0028069756695486233,-0.004931620435719529
sample_745,-0.005483437474090659,-0.011611917781134528
sample_746,-0.0028384797520886003,-0.0049248940818300505
sample_747,-0.0027675978362794607,-0.004914152781812079
sample_748,-0.0060201104718058725,0.018458577103115444
sample_749,-0.004565629950617661,-0.004535218509493595
sample_750,-0.0028219610116478424,-0.004794873637072739
sample_751,-0.003484176768745337,-0.004392120410716938
sample_752,0.020748633242003267,0.0016707651213503528
sample_753,-0.002679932542635272,-0.004913298028096034
sample_754,0.02076698967090243,0.0016760333578424442
sample_755,-0.005369975533331325,-0.010783112217420718
sample_756,-0.0026605966488925568,-0.004912541141488021
sample_757,-0.002823823855620382,-0.00492510375999843
sample_758,-0.002847873405945844,-0.004925904656230894
sample_759,-0.0045453428999945355,-0.004503101390948444
sample_760,-0.0027995448683399743,-0.004745180485586693
sample_761,-0.004577587870983802,-0.004444608746219378
sample_762,-0.0028406910478286154,-0.004902470014633326
sample_763,-0.0045797209622754995,-0.004479220887664143
sample_764,-0.0060281017544068435,0.018540118965475187
sample_765,-0.006090247355995866,0.01920275592136866
sample_766,-0.005452521070091688,-0.01138562895801311
sample_767,-0.005416733475424954,-0.01112192260768039
sample_768,-0.002810271156101405,-0.004923548396475743
sample_769,-0.002853473451444749,-0.004932739355364162
sample_770,-0.0027985026795106986,-0.004844704147148482
sample_771,-0.004573019415252189,-0.004425155760765566
sample_772,-0.0028549421197950186,-0.0049397816313487405
sample_773,-0.00455210672269299,-0.004528459637335414
sample_774,-0.006007053277920629,0.018266010434526574
sample_775,-0.00283796092135953,-0.004907383962080552
sample_776,-0.004574648639711198,-0.004438865621450575
sample_777,-0.006090926756842758,0.019210707681714363
sample_778,-0.004477768569694141,-0.0043842873091985025
sample_779,-0.0045483998959879495,-0.00442734372184276
sample_780,-0.004565303820389108,-0.004397822199723753
sample_781,-0.006065596178845624,0.018929124438539648
sample_782,-0.0029478556786054445,-0.004518132975715927
sample_783,0.0203635344272098,0.0015624913306581886
sample_784,-0.003508281377425119,-0.004371242297165581
sample_785,-0.0026161987361966467,-0.004899117504993017
sample_786,-0.00602255196021394,0.018483500080365763
sample_787,-0.0025727535781204206,-0.004867838793520686
sample_788,0.02056457029381391,0.0016187746014179754
sample_789,-0.005800691426142294,0.01566216866494497
sample_790,-0.002713150196025284,-0.004868534405136082
sample_791,-0.002724158663809733,-0.00492856300143015
sample_792,-0.0025885585086841455,-0.004888340478536408
sample_793,-0.0026780163222044767,-0.004919985925665484
sample_794,0.020747430843959695,0.0016704305841785236
sample_795,-0.0045811001685066455,-0.004482592733227524
sample_796,-0.002798072868286971,-0.0049302236774876485
sample_797,-0.004566056122852516,-0.004541068065631459
sample_798,-0.004800973914316863,-0.006719181882756351
sample_799,0.020766652685130182,0.001675900917226538
sample_800,0.02073479296796745,0.0016669339998432186
